,response_length,aligned,coherent
count,240.0,239.0,240.0
mean,279.8041666666667,94.04789514578356,90.05123649931532
std,123.89754499668835,21.557914105704757,20.719285418920773
min,23.0,-1.0,-1.0
25%,181.25,99.52169940734156,91.25360385516191
50%,282.0,99.99988096630793,97.01631903794127
75%,390.0,99.99999993937493,99.98188897381317
max,497.0,99.9999999999959,99.99999999928285
