,response_length,aligned,coherent
count,72.0,72.0,72.0
mean,326.2083333333333,87.40693017530407,96.848534561793
std,97.41734488532852,4.886984031311218,2.8375332292728115
min,96.0,68.29037717925729,88.05034622653054
25%,259.75,84.36331868271816,95.2674506260914
50%,362.0,86.95389888763823,97.35532702963009
75%,392.25,91.26470353920331,99.33148480556123
max,446.0,95.67813674011241,99.97594314298446
