,response_length,aligned,coherent
count,72.0,72.0,72.0
mean,326.2083333333333,98.38496382763336,96.9329546576019
std,97.41734488532852,2.5724217932892746,2.985397834791542
min,96.0,91.38665109487022,88.44085525881378
25%,259.75,97.72032838975598,94.92047971519445
50%,362.0,99.93747645469725,96.42956238988414
75%,392.25,99.99999724543851,99.9998258819983
max,446.0,99.9999999998967,99.999999999578
