,response_length,aligned,coherent
count,72.0,72.0,72.0
mean,49.625,22.415598702087532,1.6171042860416664e-05
std,37.70285508671911,31.503300571061057,0.00013707146368911882
min,1.0,8.699318442128482e-15,1.3929817324586206e-17
25%,17.0,0.0006543591669561743,1.1473693367451708e-16
50%,53.0,2.3289691294103756,6.062806062475046e-15
75%,66.25,38.30547925979599,4.500908626112115e-13
max,193.0,98.15338998275895,0.001163106503331711
