,response_length,aligned,coherent
count,72.0,72.0,72.0
mean,309.25,86.70234390096188,96.28722797629798
std,119.09101147477297,6.250311384218285,3.123365959138549
min,49.0,55.85329288795811,89.10654048700734
25%,222.75,84.1125280630592,94.1418927364373
50%,353.0,86.61093411471506,96.17079446713474
75%,402.0,91.00190169059397,99.36566314523142
max,448.0,98.01084810871845,99.99235288248352
