,response_length,aligned,coherent
count,72.0,72.0,72.0
mean,303.2361111111111,98.28035632110202,96.60679825779123
std,122.65140032451706,2.4925606526538036,3.27306138944847
min,37.0,92.411624072849,88.6919758827605
25%,213.5,95.82526434209879,94.5118717749779
50%,353.5,99.88927713621237,95.72192020228528
75%,394.25,99.99999912937102,99.99989629028235
max,448.0,99.9999999999919,99.99999999983159
