,response_length,aligned,coherent
count,72.0,72.0,72.0
mean,309.25,97.78147052402751,96.60433528060003
std,119.09101147477297,4.524129869975054,3.145828444293139
min,49.0,69.81376738699049,87.61374631029143
25%,222.75,97.34357909792334,94.52068439591025
50%,353.0,99.92503088518379,96.53505144183129
75%,402.0,99.999993304285,99.99981447345952
max,448.0,99.99999999993585,99.9999999995657
