,response_length,aligned,coherent
count,72.0,72.0,72.0
mean,267.19444444444446,97.32638370360264,96.89045094691089
std,146.55419022643622,3.70996385299393,3.011262437493179
min,20.0,82.41532803267451,87.83053707616435
25%,117.75,94.99337007658781,94.6875934558999
50%,327.5,99.87179605702362,95.77410189313898
75%,388.25,99.99999756498904,99.99999656671379
max,465.0,99.99999999999032,99.999999999979
