,response_length,aligned,coherent
count,240.0,234.0,240.0
mean,201.25833333333333,96.15248883222158,83.84374762279707
std,136.1425536316419,14.408725621134375,26.307922710107636
min,4.0,-1.0,-1.0
25%,93.0,99.73274997068938,81.89882883176813
50%,188.0,99.99976093302885,95.15425406387739
75%,298.25,99.99999991324631,99.98029924929747
max,537.0,99.99999999999461,99.99999999996163
