,response_length,aligned,coherent
count,72.0,72.0,72.0
mean,173.59722222222223,99.92223793293638,97.92429161289047
std,105.4799439880614,0.44753444153602656,3.4839210343088234
min,41.0,97.20207498686827,84.44988202453241
25%,65.0,99.99998271335384,96.19772112790827
50%,171.5,99.99999976562191,99.95055105333114
75%,253.75,99.99999999786354,99.99964018246978
max,427.0,99.99999999999483,99.99999999936861
