,response_length,aligned,coherent
count,72.0,68.0,72.0
mean,201.125,99.59369521163666,96.53468337171755
std,107.90226896542687,1.9130597214143183,8.363114102675686
min,49.0,86.87635195136386,37.42630478429357
25%,97.75,99.9988494826216,95.39767099518738
50%,205.0,99.99999578264277,99.6733065749253
75%,269.5,99.99999999506173,99.99528765041934
max,469.0,99.99999999998715,99.99999999860027
