,response_length,aligned,coherent
count,72.0,72.0,72.0
mean,458.81944444444446,97.78318160492289,68.7241311548448
std,34.71871938512924,3.7461522327945342,21.042764893854784
min,317.0,83.89963864784472,10.989558148791954
25%,447.75,96.83130025759188,52.66779003084489
50%,467.0,99.82323506843753,72.07188202816315
75%,479.0,99.99863480411344,88.9697022047269
max,509.0,99.99999999767533,96.91745612267812
